,City,Lat,Lng,Max Temp,Humidity,Cloudiness,Wind Speed,Country,Date
0,Hobart,-42.8794,147.3294,285.93,87,75,8.23,AU,Sun May  2 22:28:33 2021
1,Uruaçu,-14.5247,-49.1408,293.85,70,3,1.51,BR,Sun May  2 22:28:34 2021
2,Mount Gambier,-37.8333,140.7667,288.15,82,75,8.23,AU,Sun May  2 22:28:35 2021
3,Bongandanga,1.5,21.05,294.58,89,100,1.03,CD,Sun May  2 22:28:37 2021
4,Hithadhoo,-0.6,73.0833,301.77,71,98,5.47,MV,Sun May  2 22:28:38 2021
5,Kumano,34.3442,132.5894,290.15,55,40,2.06,JP,Sun May  2 22:28:38 2021
6,Busselton,-33.65,115.3333,290.93,78,100,2.24,AU,Sun May  2 22:28:39 2021
7,Kloulklubed,7.0419,134.2556,301.15,89,75,4.12,PW,Sun May  2 22:28:40 2021
8,Bonfim,3.0833,-59.95,297.42,87,87,2.17,BR,Sun May  2 22:28:42 2021
9,Chui,-33.6971,-53.4616,290.48,74,20,2.81,UY,Sun May  2 22:28:44 2021
10,Port Macquarie,-31.4333,152.9167,297.59,69,0,0.89,AU,Sun May  2 22:28:44 2021
11,Kapaa,22.0752,-159.319,299.15,65,20,5.66,US,Sun May  2 22:28:45 2021
12,Hays,30.0502,-98.0336,298.15,59,52,1.79,US,Sun May  2 22:24:07 2021
13,Onega,63.9061,38.1404,271.75,75,2,0.86,RU,Sun May  2 22:28:45 2021
14,Ribeira Grande,38.5167,-28.7,289.02,86,100,4.63,PT,Sun May  2 22:28:46 2021
15,Port Alfred,-33.5906,26.891,290.53,74,0,5.48,ZA,Sun May  2 22:28:46 2021
16,Longyearbyen,78.2186,15.6401,264.15,79,20,5.14,SJ,Sun May  2 22:28:46 2021
17,New Norfolk,-42.7826,147.0587,285.93,74,100,2.68,AU,Sun May  2 22:28:47 2021
18,Ushuaia,-54.8,-68.3,274.15,75,75,6.17,AR,Sun May  2 22:28:47 2021
19,Pisco,-13.7,-76.2167,292.15,82,75,4.63,PE,Sun May  2 22:28:47 2021
20,Bluff,-46.6,168.3333,290.37,65,5,0.89,NZ,Sun May  2 22:28:48 2021
21,Avarua,-21.2078,-159.775,299.15,78,75,3.6,CK,Sun May  2 22:28:48 2021
22,Rikitea,-23.1203,-134.9692,298.5,79,44,5.79,PF,Sun May  2 22:28:49 2021
23,Mar del Plata,-38.0023,-57.5575,290.15,100,75,2.57,AR,Sun May  2 22:24:59 2021
24,Guerrero Negro,27.9769,-114.0611,288.87,76,24,8.97,MX,Sun May  2 22:24:38 2021
25,Port Hardy,50.6996,-127.4199,284.15,71,90,3.6,CA,Sun May  2 22:28:49 2021
26,Hilo,19.7297,-155.09,299.15,65,90,4.63,US,Sun May  2 22:26:28 2021
27,Praia,14.9215,-23.5087,294.15,73,20,6.17,CV,Sun May  2 22:28:50 2021
28,Bereket,39.2446,55.5154,293.35,31,100,1.74,TM,Sun May  2 22:28:50 2021
29,Klaksvík,62.2266,-6.589,274.15,80,20,4.63,FO,Sun May  2 22:28:51 2021
30,Cabo San Lucas,22.8909,-109.9124,298.15,44,1,5.14,MX,Sun May  2 22:28:51 2021
31,Minsk,53.9,27.5667,281.15,81,75,9.0,BY,Sun May  2 22:27:30 2021
32,Port Elizabeth,-33.918,25.5701,286.15,88,0,2.06,ZA,Sun May  2 22:28:51 2021
33,Saint-Pierre,-21.3393,55.4781,296.15,73,0,3.6,RE,Sun May  2 22:28:52 2021
34,Cidreira,-30.1811,-50.2056,293.36,89,50,3.87,BR,Sun May  2 22:28:52 2021
35,Salalah,17.0151,54.0924,302.15,74,75,2.57,OM,Sun May  2 22:28:52 2021
36,Nago,26.5881,127.9761,297.15,53,20,4.63,JP,Sun May  2 22:28:53 2021
37,Talnakh,69.4865,88.3972,271.2,94,100,3.77,RU,Sun May  2 22:28:53 2021
38,Flinders,-34.5833,150.8552,298.71,63,0,0.89,AU,Sun May  2 22:28:54 2021
39,Cherskiy,68.75,161.3,271.75,75,4,2.79,RU,Sun May  2 22:28:54 2021
40,Saint-Philippe,-21.3585,55.7679,296.15,73,0,3.6,RE,Sun May  2 22:28:54 2021
41,Broken Hill,-31.95,141.4333,292.15,48,100,5.66,AU,Sun May  2 22:24:16 2021
42,Jamestown,42.097,-79.2353,292.15,52,90,3.09,US,Sun May  2 22:28:55 2021
43,Marsá Maţrūḩ,31.3525,27.2453,292.15,34,0,0.98,EG,Sun May  2 22:28:55 2021
44,Grindavik,63.8424,-22.4338,273.15,74,0,2.57,IS,Sun May  2 22:28:55 2021
45,Alice Springs,-23.7,133.8833,301.15,24,17,3.6,AU,Sun May  2 22:26:00 2021
46,Manzanillo,20.3433,-77.1167,299.06,67,41,0.35,CU,Sun May  2 22:28:56 2021
47,Llandrindod Wells,52.2416,-3.3787,278.71,91,100,2.68,GB,Sun May  2 22:28:56 2021
48,Wajima,37.4,136.9,288.15,63,75,8.75,JP,Sun May  2 22:28:57 2021
49,Atuona,-9.8,-139.0333,299.98,78,100,6.01,PF,Sun May  2 22:28:57 2021
50,Iguape,-24.7081,-47.5553,292.49,88,5,1.84,BR,Sun May  2 22:28:59 2021
51,Shimoda,34.6667,138.95,293.15,55,20,6.17,JP,Sun May  2 22:28:59 2021
52,Faanui,-16.4833,-151.75,300.55,71,0,4.43,PF,Sun May  2 22:29:01 2021
53,Kamaishi,39.2667,141.8833,285.15,71,75,6.69,JP,Sun May  2 22:29:01 2021
54,Yar-Sale,66.8333,70.8333,269.06,85,5,5.43,RU,Sun May  2 22:29:01 2021
55,Marsh Harbour,26.5412,-77.0636,298.42,75,72,4.18,BS,Sun May  2 22:29:02 2021
56,George Town,5.4112,100.3354,303.15,79,20,1.03,MY,Sun May  2 22:25:14 2021
57,Saint Paul Harbor,57.79,-152.4072,279.15,81,90,8.75,US,Sun May  2 22:29:02 2021
58,Cururupu,-1.8283,-44.8683,296.14,95,100,1.09,BR,Sun May  2 22:29:03 2021
59,Victor Harbor,-35.5667,138.6167,289.82,75,99,0.45,AU,Sun May  2 22:29:03 2021
60,Houndé,11.5,-3.5167,304.34,43,67,5.17,BF,Sun May  2 22:29:03 2021
61,Dingle,10.9995,122.6711,304.6,57,25,7.09,PH,Sun May  2 22:29:04 2021
62,Ahipara,-35.1667,173.1667,290.48,56,12,1.55,NZ,Sun May  2 22:29:04 2021
63,Owando,-0.4819,15.8999,296.21,84,100,0.1,CG,Sun May  2 22:29:05 2021
64,Punta Arenas,-53.15,-70.9167,277.15,70,75,4.12,CL,Sun May  2 22:29:05 2021
65,Lebu,-37.6167,-73.65,284.79,89,100,2.98,CL,Sun May  2 22:29:05 2021
66,Pagudpud,18.5616,120.7868,304.15,74,20,3.6,PH,Sun May  2 22:29:06 2021
67,Lorengau,-2.0226,147.2712,302.07,71,100,0.33,PG,Sun May  2 22:29:06 2021
68,Port Blair,11.6667,92.75,303.18,69,13,3.69,IN,Sun May  2 22:29:06 2021
69,Pevek,69.7008,170.3133,264.94,88,98,1.77,RU,Sun May  2 22:29:07 2021
70,Cape Town,-33.9258,18.4232,290.93,66,0,2.06,ZA,Sun May  2 22:26:13 2021
71,Tāybād,34.74,60.7756,292.52,45,100,4.65,IR,Sun May  2 22:29:08 2021
72,Mana,5.6592,-53.7767,298.32,88,100,3.99,GF,Sun May  2 22:29:09 2021
73,Rosarito,32.3333,-117.0333,288.15,88,90,3.09,MX,Sun May  2 22:29:09 2021
74,Hambantota,6.1241,81.1185,300.15,100,20,1.54,LK,Sun May  2 22:29:10 2021
75,Muros,42.7762,-9.0603,280.93,83,1,3.93,ES,Sun May  2 22:29:10 2021
76,Parczew,51.6402,22.9006,278.15,81,90,11.32,PL,Sun May  2 22:29:14 2021
77,Norman Wells,65.282,-126.8329,280.15,53,75,2.06,CA,Sun May  2 22:29:14 2021
78,Vaini,-21.2,-175.2,298.15,69,75,5.66,TO,Sun May  2 22:29:14 2021
79,Kavieng,-2.5744,150.7967,302.21,70,80,2.52,PG,Sun May  2 22:29:15 2021
80,Presidente Venceslau,-21.8761,-51.8439,295.15,53,0,3.6,BR,Sun May  2 22:29:15 2021
81,Port Moresby,-9.4431,147.1797,301.78,71,66,4.97,PG,Sun May  2 22:27:07 2021
82,Kruisfontein,-34.0033,24.7314,288.22,43,0,2.64,ZA,Sun May  2 22:29:16 2021
83,Tuktoyaktuk,69.4541,-133.0374,270.15,80,75,3.6,CA,Sun May  2 22:29:16 2021
84,Albany,42.6001,-73.9662,286.48,63,100,4.47,US,Sun May  2 22:29:17 2021
85,Hamilton,39.1834,-84.5333,289.82,94,75,2.57,US,Sun May  2 22:24:20 2021
86,Belmonte,-15.8631,-38.8828,294.15,83,20,2.57,BR,Sun May  2 22:29:17 2021
87,Haines Junction,60.7522,-137.5108,281.15,39,89,3.09,CA,Sun May  2 22:29:17 2021
88,Bredasdorp,-34.5322,20.0403,277.15,93,0,1.56,ZA,Sun May  2 22:29:18 2021
89,Mataura,-46.1927,168.8643,290.37,65,37,0.89,NZ,Sun May  2 22:29:18 2021
90,Plettenberg Bay,-34.0527,23.3716,292.07,46,0,3.02,ZA,Sun May  2 22:29:19 2021
91,Chokurdakh,70.6333,147.9167,269.77,86,60,2.93,RU,Sun May  2 22:29:19 2021
92,Nikolskoye,59.7035,30.7861,277.15,48,0,5.0,RU,Sun May  2 22:29:19 2021
93,Kieta,-6.2167,155.6333,303.22,68,99,1.77,PG,Sun May  2 22:29:20 2021
94,Gérardmer,48.0735,6.8779,276.15,81,0,2.06,FR,Sun May  2 22:29:20 2021
95,Santa Rosa,14.3122,121.1114,306.15,52,20,5.14,PH,Sun May  2 22:25:47 2021
96,Qaanaaq,77.484,-69.3632,269.39,61,94,2.61,GL,Sun May  2 22:29:20 2021
97,Okhotsk,59.3833,143.3,276.83,63,24,1.73,RU,Sun May  2 22:29:21 2021
98,Aasiaat,68.7098,-52.8699,272.75,62,0,6.62,GL,Sun May  2 22:29:21 2021
99,Codrington,-38.2667,141.9667,288.03,78,100,7.24,AU,Sun May  2 22:29:21 2021
100,Tasiilaq,65.6145,-37.6368,272.15,55,10,2.57,GL,Sun May  2 22:29:22 2021
101,Challapata,-18.9,-66.7667,280.7,21,1,1.17,BO,Sun May  2 22:29:22 2021
102,Cockburn Town,21.4612,-71.1419,299.38,70,57,8.83,TC,Sun May  2 22:29:22 2021
103,Narsaq,60.9167,-46.05,278.15,22,75,22.12,GL,Sun May  2 22:29:23 2021
104,Anadyr,64.75,177.4833,265.15,79,20,5.0,RU,Sun May  2 22:29:23 2021
105,Lagoa,39.05,-27.9833,288.68,92,100,6.71,PT,Sun May  2 22:29:23 2021
106,Romny,50.751,33.4747,284.22,96,84,4.56,UA,Sun May  2 22:29:24 2021
107,Hasaki,35.7333,140.8333,293.15,32,75,5.14,JP,Sun May  2 22:29:24 2021
108,Yellowknife,62.456,-114.3525,272.15,27,20,3.09,CA,Sun May  2 22:29:25 2021
109,East London,-33.0153,27.9116,289.82,73,0,3.78,ZA,Sun May  2 22:29:25 2021
110,Lompoc,34.6391,-120.4579,284.26,87,20,6.69,US,Sun May  2 22:29:25 2021
111,Ponta do Sol,32.6667,-17.1,286.48,69,100,1.34,PT,Sun May  2 22:29:26 2021
112,Cervo,43.6702,-7.4101,284.26,73,7,0.45,ES,Sun May  2 22:29:26 2021
113,Mitú,1.1983,-70.1733,294.71,98,100,0.29,CO,Sun May  2 22:29:27 2021
114,Saldanha,-33.0117,17.9442,289.15,41,0,1.03,ZA,Sun May  2 22:29:27 2021
115,Manakara,-22.1333,48.0167,294.6,91,99,0.31,MG,Sun May  2 22:29:28 2021
116,Meulaboh,4.1363,96.1285,300.45,79,100,1.48,ID,Sun May  2 22:29:28 2021
117,Waddān,29.1614,16.139,301.79,10,65,2.7,LY,Sun May  2 22:29:28 2021
118,Hermanus,-34.4187,19.2345,292.04,40,0,0.45,ZA,Sun May  2 22:29:29 2021
119,Aksu,41.1231,80.2644,292.23,27,61,3.86,CN,Sun May  2 22:29:29 2021
120,Altay,47.8667,88.1167,280.89,22,0,1.43,CN,Sun May  2 22:29:30 2021
121,Sandpoint,48.2766,-116.5533,286.48,44,1,4.63,US,Sun May  2 22:29:30 2021
122,Olinda,-8.0089,-34.8553,296.15,88,40,3.09,BR,Sun May  2 22:29:31 2021
123,Baijiantan,45.6333,85.1833,285.29,20,44,4.67,CN,Sun May  2 22:29:31 2021
124,Noyabrsk,63.1994,75.4507,274.21,69,7,3.84,RU,Sun May  2 22:29:31 2021
125,Crotone,39.0851,17.1178,289.15,61,100,2.91,IT,Sun May  2 22:29:32 2021
126,Haysville,37.5645,-97.3523,293.15,100,90,2.57,US,Sun May  2 22:29:32 2021
127,Nioro,13.35,-15.75,297.74,40,84,4.45,GM,Sun May  2 22:29:33 2021
128,Torbay,47.6666,-52.7314,277.59,65,90,9.77,CA,Sun May  2 22:29:33 2021
129,Eureka,40.8021,-124.1637,287.04,77,11,1.34,US,Sun May  2 22:29:33 2021
130,Airai,-8.9266,125.4092,293.9,66,58,1.73,TL,Sun May  2 22:29:34 2021
131,Sitka,57.0531,-135.33,282.15,53,90,6.69,US,Sun May  2 22:29:34 2021
132,Karratha,-20.7377,116.8463,302.6,39,100,8.25,AU,Sun May  2 22:29:34 2021
133,Saskylakh,71.9167,114.0833,272.0,91,100,4.51,RU,Sun May  2 22:29:36 2021
134,Dikson,73.5069,80.5464,271.64,85,100,6.47,RU,Sun May  2 22:29:36 2021
135,Kurush,41.2841,47.8345,283.15,93,90,1.54,RU,Sun May  2 22:29:36 2021
136,Lubao,14.9167,120.55,306.15,55,75,3.09,PH,Sun May  2 22:29:37 2021
137,Lavrentiya,65.5833,-171.0,269.78,72,100,6.39,RU,Sun May  2 22:29:37 2021
138,Ushibukamachi,32.1906,130.0228,289.23,56,30,0.97,JP,Sun May  2 22:29:37 2021
139,Kabinda,-6.1333,24.4833,292.26,93,76,1.84,CD,Sun May  2 22:29:38 2021
140,Leshan,29.5623,103.7639,295.16,86,100,1.65,CN,Sun May  2 22:29:38 2021
141,Batagay-Alyta,67.8006,130.4114,272.77,97,97,1.19,RU,Sun May  2 22:29:39 2021
142,‘Āhuimanu,21.4447,-157.8378,301.15,61,75,7.2,US,Sun May  2 22:29:39 2021
143,Āsosa,10.0667,34.5333,292.02,70,99,1.05,ET,Sun May  2 22:29:40 2021
144,Vila Franca do Campo,37.7167,-25.4333,288.15,88,40,4.12,PT,Sun May  2 22:29:41 2021
145,Östersund,63.1792,14.6357,272.59,74,90,1.03,SE,Sun May  2 22:28:02 2021
146,Hearst,49.6835,-83.6665,276.15,48,44,1.54,CA,Sun May  2 22:29:41 2021
147,Yerofey Pavlovich,53.9667,121.9667,279.66,69,100,5.85,RU,Sun May  2 22:29:42 2021
148,Forsytheganj,52.6333,29.7333,280.59,83,90,7.89,BY,Sun May  2 22:29:42 2021
149,Tessalit,20.1986,1.0114,303.11,17,0,6.08,ML,Sun May  2 22:29:43 2021
150,Sangar,63.9242,127.4739,274.75,97,100,3.45,RU,Sun May  2 22:29:43 2021
151,Maragogi,-9.0122,-35.2225,296.59,90,99,3.76,BR,Sun May  2 22:29:43 2021
152,Tuatapere,-46.1333,167.6833,290.37,65,0,0.89,NZ,Sun May  2 22:29:44 2021
153,Hualmay,-11.0964,-77.6139,292.63,85,44,2.99,PE,Sun May  2 22:29:44 2021
154,Pareora,-44.4871,171.2132,287.59,67,100,2.57,NZ,Sun May  2 22:29:45 2021
155,Anchorage,61.2181,-149.9003,284.15,37,75,3.6,US,Sun May  2 22:28:52 2021
156,Puerto Ayora,-0.7393,-90.3518,296.62,82,16,4.26,EC,Sun May  2 22:29:45 2021
157,Mahébourg,-20.4081,57.7,296.15,94,75,1.54,MU,Sun May  2 22:29:46 2021
158,Kaitangata,-46.2817,169.8464,291.48,52,59,1.79,NZ,Sun May  2 22:29:46 2021
159,Yenagoa,4.9247,6.2642,298.3,93,94,1.85,NG,Sun May  2 22:29:46 2021
160,Abu Dhabi,24.4667,54.3667,299.15,83,0,2.57,AE,Sun May  2 22:26:24 2021
161,Hong Kong,22.2855,114.1577,298.15,88,93,0.89,HK,Sun May  2 22:27:05 2021
162,Quatre Cocos,-20.2078,57.7625,297.04,94,75,1.54,MU,Sun May  2 22:29:47 2021
163,Geraldton,-28.7667,114.6,295.15,40,0,3.09,AU,Sun May  2 22:29:47 2021
164,Waipawa,-41.4122,175.5153,289.26,67,40,5.14,NZ,Sun May  2 22:29:48 2021
165,Wuzhou,23.4833,111.3167,297.09,88,100,2.77,CN,Sun May  2 22:29:48 2021
166,Cabedelo,-6.9811,-34.8339,297.15,88,0,3.6,BR,Sun May  2 22:29:48 2021
167,Quryq,43.2,51.65,290.61,25,50,4.54,KZ,Sun May  2 22:29:49 2021
168,Washington,47.5001,-120.5015,292.04,25,76,6.26,US,Sun May  2 22:27:58 2021
169,Greystones,53.1408,-6.0631,280.37,87,100,2.16,IE,Sun May  2 22:29:49 2021
170,Port Shepstone,-30.7414,30.455,289.61,76,0,2.63,ZA,Sun May  2 22:29:50 2021
171,Tual,-5.6667,132.75,301.47,74,89,7.39,ID,Sun May  2 22:29:50 2021
172,Upernavik,72.7868,-56.1549,267.16,78,23,3.06,GL,Sun May  2 22:29:50 2021
173,Vila Velha,-20.3297,-40.2925,294.15,94,75,3.38,BR,Sun May  2 22:29:47 2021
174,Virginia Beach,36.8529,-75.978,294.82,62,100,2.68,US,Sun May  2 22:28:12 2021
175,Severo-Kuril'sk,50.6789,156.125,274.94,98,100,11.87,RU,Sun May  2 22:29:51 2021
176,Garissa,-0.4536,39.6401,298.62,80,98,5.55,KE,Sun May  2 22:29:51 2021
177,Putina,-15.4667,-69.4333,278.32,79,1,3.5,PE,Sun May  2 22:29:52 2021
178,Pimentel,-6.8367,-79.9342,293.15,77,75,6.69,PE,Sun May  2 22:29:52 2021
179,Bethel,41.3712,-73.414,290.15,63,90,2.06,US,Sun May  2 22:29:52 2021
180,Kailua,21.4022,-157.7394,301.15,61,75,7.2,US,Sun May  2 22:29:25 2021
181,Touros,-5.1989,-35.4608,297.15,94,20,1.54,BR,Sun May  2 22:29:53 2021
182,Tiksi,71.6872,128.8694,270.94,94,100,2.26,RU,Sun May  2 22:29:53 2021
183,San Quintín,30.4833,-115.95,288.57,72,27,7.3,MX,Sun May  2 22:29:53 2021
184,Westport,41.1415,-73.3579,291.15,63,1,3.09,US,Sun May  2 22:25:11 2021
185,Provideniya,64.3833,-173.3,271.84,59,100,7.15,RU,Sun May  2 22:29:54 2021
186,Baculin,7.4525,126.5842,302.08,71,90,2.96,PH,Sun May  2 22:29:54 2021
187,Los Llanos de Aridane,28.6585,-17.9182,290.15,67,20,4.12,ES,Sun May  2 22:29:55 2021
188,Seoul,37.5683,126.9778,290.15,45,0,3.09,KR,Sun May  2 22:25:32 2021
189,São João da Barra,-21.6403,-41.0511,294.95,76,100,2.15,BR,Sun May  2 22:29:55 2021
190,Cleburne,32.3476,-97.3867,296.48,83,1,4.12,US,Sun May  2 22:29:55 2021
191,Nishihara,26.1842,127.7558,297.15,56,75,6.17,JP,Sun May  2 22:29:56 2021
192,Talaya,61.3833,152.75,273.08,90,79,0.45,RU,Sun May  2 22:29:56 2021
193,Nantucket,41.2835,-70.0995,286.15,76,75,3.09,US,Sun May  2 22:26:34 2021
194,Alfonsine,44.5061,12.0564,285.37,90,15,1.34,IT,Sun May  2 22:29:57 2021
195,Nsanje,-16.92,35.262,290.46,95,42,1.89,MW,Sun May  2 22:29:57 2021
196,Srīvardhan,18.0333,73.0167,301.64,51,10,1.09,IN,Sun May  2 22:29:57 2021
197,Carnarvon,-24.8667,113.6333,293.15,49,100,4.63,AU,Sun May  2 22:29:58 2021
198,Great Falls,47.5002,-111.3008,282.59,53,1,2.57,US,Sun May  2 22:29:58 2021
199,Kontagora,10.3999,5.4695,301.21,44,100,2.93,NG,Sun May  2 22:29:58 2021
200,Poum,-20.2333,164.0167,298.82,72,15,4.31,NC,Sun May  2 22:29:59 2021
201,Goderich,43.7501,-81.7165,290.15,51,97,9.26,CA,Sun May  2 22:29:59 2021
202,Souillac,-20.5167,57.5167,296.15,94,75,1.54,MU,Sun May  2 22:29:59 2021
203,Vila,42.0304,-8.1588,278.15,88,3,2.24,PT,Sun May  2 22:30:00 2021
204,Māngrol,21.1167,70.1167,301.3,56,21,2.37,IN,Sun May  2 22:30:00 2021
205,Evensk,61.95,159.2333,272.89,72,5,2.5,RU,Sun May  2 22:30:00 2021
206,Lüderitz,-26.6481,15.1594,292.73,63,43,1.82,NA,Sun May  2 22:30:01 2021
207,Severo-Yeniseyskiy,60.3725,93.0408,273.52,99,100,3.43,RU,Sun May  2 22:30:01 2021
208,Mogadishu,2.0371,45.3438,301.19,78,100,4.53,SO,Sun May  2 22:25:51 2021
209,Saint-Augustin,51.226,-58.6502,278.71,67,84,4.19,CA,Sun May  2 22:27:51 2021
210,Tres Arroyos,-38.3739,-60.2798,288.34,83,100,1.57,AR,Sun May  2 22:30:04 2021
211,Bathurst,-33.4166,149.5806,293.71,58,0,2.33,AU,Sun May  2 22:30:05 2021
212,Bambous Virieux,-20.3428,57.7575,297.04,94,75,1.54,MU,Sun May  2 22:30:05 2021
213,Saint Anthony,45.0205,-93.218,291.15,82,90,2.06,US,Sun May  2 22:30:06 2021
214,George Town,5.4112,100.3354,303.15,79,20,1.03,MY,Sun May  2 22:26:31 2021
215,Saint George,37.1041,-113.5841,293.71,30,90,12.86,US,Sun May  2 22:30:06 2021
216,Adrar,20.5022,-10.0711,300.93,23,89,3.08,MR,Sun May  2 22:30:07 2021
217,Chililabombwe,-12.3648,27.8229,288.01,94,90,2.69,ZM,Sun May  2 22:30:07 2021
218,Port Lincoln,-34.7333,135.8667,290.77,60,79,5.97,AU,Sun May  2 22:30:08 2021
219,São Filipe,14.8961,-24.4956,294.74,71,10,4.77,CV,Sun May  2 22:30:08 2021
220,Kainantu,-6.2887,145.8655,296.4,63,96,2.23,PG,Sun May  2 22:30:09 2021
221,Pangnirtung,66.1451,-65.7125,270.55,94,58,1.56,CA,Sun May  2 22:30:09 2021
222,Pemangkat,1.1667,108.9667,303.03,64,97,0.93,ID,Sun May  2 22:30:10 2021
223,Coahuayana Viejo,18.7333,-103.6833,294.8,68,0,0.43,MX,Sun May  2 22:30:10 2021
224,Atasū,48.6814,71.6433,286.34,24,82,3.51,KZ,Sun May  2 22:30:11 2021
225,Cayenne,4.9333,-52.3333,299.82,94,0,3.78,GF,Sun May  2 22:30:04 2021
226,Barrow,71.2906,-156.7887,266.15,73,90,0.1,US,Sun May  2 22:30:04 2021
227,Pittsburg,38.028,-121.8847,298.15,33,1,3.6,US,Sun May  2 22:29:24 2021
228,Yārāda,17.65,83.2667,303.15,74,40,1.03,IN,Sun May  2 22:30:11 2021
229,Hamburg,53.55,10.0,277.59,93,75,4.63,DE,Sun May  2 22:30:06 2021
230,General Roca,-39.0333,-67.5833,285.15,94,0,3.94,AR,Sun May  2 22:30:12 2021
231,Abilene,32.4487,-99.7331,299.15,53,1,5.66,US,Sun May  2 22:26:14 2021
232,Ritchie,-29.038,24.6028,280.15,87,0,3.05,ZA,Sun May  2 22:30:12 2021
233,Gold Coast,-28.0,153.4333,298.15,57,40,5.14,AU,Sun May  2 22:30:13 2021
234,Yerbogachën,61.2767,108.0108,278.16,56,77,3.25,RU,Sun May  2 22:30:13 2021
235,Kindu,-2.95,25.95,294.47,94,100,0.53,CD,Sun May  2 22:28:34 2021
236,Pontianak,-0.0333,109.3333,298.15,94,75,0.83,ID,Sun May  2 22:30:13 2021
237,Butaritari,3.0707,172.7902,301.66,75,97,7.86,KI,Sun May  2 22:30:14 2021
238,Loja,-3.9931,-79.2042,285.98,98,96,0.59,EC,Sun May  2 22:30:07 2021
239,Teya,60.3778,92.6267,275.19,99,100,3.71,RU,Sun May  2 22:30:15 2021
240,Ampanihy,-24.7,44.75,289.88,93,24,2.16,MG,Sun May  2 22:30:15 2021
241,Bama,11.5221,13.6856,302.47,38,98,2.55,NG,Sun May  2 22:30:15 2021
242,Tegul'det,57.3064,88.1667,281.74,65,100,6.26,RU,Sun May  2 22:30:16 2021
243,Arica,-18.475,-70.3042,292.15,72,90,4.12,CL,Sun May  2 22:29:32 2021
244,Lenger,42.183,69.8839,291.15,72,0,1.47,KZ,Sun May  2 22:30:16 2021
245,Taree,-31.9,152.4667,295.93,73,40,4.63,AU,Sun May  2 22:30:16 2021
246,Thompson,55.7435,-97.8558,273.15,64,75,1.54,CA,Sun May  2 22:26:32 2021
247,Portland,45.5234,-122.6762,291.15,34,20,2.06,US,Sun May  2 22:25:41 2021
248,Kiruna,67.8557,20.2251,268.15,100,90,3.6,SE,Sun May  2 22:30:17 2021
249,Zambezi,-13.5432,23.1047,290.67,95,100,3.06,ZM,Sun May  2 22:30:17 2021
250,Zeya,53.75,127.2667,287.55,32,92,2.14,RU,Sun May  2 22:30:18 2021
251,Namatanai,-3.6667,152.4333,302.67,70,97,2.25,PG,Sun May  2 22:30:18 2021
252,Acurenam,1.0322,10.6488,293.24,99,100,0.55,GQ,Sun May  2 22:30:18 2021
253,São José da Coroa Grande,-8.8978,-35.1478,297.18,87,100,3.94,BR,Sun May  2 22:30:19 2021
254,Salta,-24.7859,-65.4117,287.59,88,0,1.03,AR,Sun May  2 22:28:49 2021
255,Biritiba-Mirim,-23.5698,-46.0407,294.82,88,0,0.74,BR,Sun May  2 22:30:19 2021
256,Castro,-24.7911,-50.0119,286.63,89,0,1.36,BR,Sun May  2 22:30:19 2021
257,Katangi,23.45,79.7833,300.15,50,10,2.57,IN,Sun May  2 22:30:20 2021
258,Pishin,30.5803,66.9961,292.68,44,11,0.91,PK,Sun May  2 22:30:20 2021
259,Mandalgovi,45.7625,106.2708,277.86,39,9,12.84,MN,Sun May  2 22:30:21 2021
260,Kedrovyy,56.1667,91.8167,281.15,49,0,4.0,RU,Sun May  2 22:30:21 2021
261,Durango,24.8333,-104.8333,293.29,25,12,6.49,MX,Sun May  2 22:28:06 2021
262,George,-33.963,22.4617,291.15,45,0,1.03,ZA,Sun May  2 22:30:21 2021
263,Semporna,4.4818,118.6112,298.15,94,40,2.06,MY,Sun May  2 22:30:43 2021
264,Dhārchula,29.85,80.5333,297.98,38,15,1.78,IN,Sun May  2 22:30:43 2021
265,Melk,48.2274,15.3319,280.37,76,93,3.09,AT,Sun May  2 22:30:46 2021
266,Ikom,5.9667,8.7063,297.27,96,100,0.65,NG,Sun May  2 22:30:46 2021
267,Clyde River,70.4692,-68.5914,268.15,86,1,5.14,CA,Sun May  2 22:30:46 2021
268,Methóni,36.8197,21.7049,293.15,88,54,1.03,GR,Sun May  2 22:30:47 2021
269,Rabo de Peixe,37.8,-25.5833,288.15,88,40,4.12,PT,Sun May  2 22:30:47 2021
270,Zyryanka,65.75,150.85,276.29,74,19,4.6,RU,Sun May  2 22:30:47 2021
271,Bandarbeyla,9.4942,50.8122,301.6,68,83,1.76,SO,Sun May  2 22:30:48 2021
272,Salamiyah,35.0113,37.0532,292.42,37,11,2.86,SY,Sun May  2 22:30:48 2021
273,Erzin,36.9559,36.2,291.48,88,11,3.13,TR,Sun May  2 22:30:48 2021
274,Khatanga,71.9667,102.5,273.26,93,100,4.22,RU,Sun May  2 22:30:49 2021
275,Kīhei,20.785,-156.4656,300.15,61,40,9.26,US,Sun May  2 22:30:49 2021
276,Mareeba,-17.0,145.4333,302.15,61,40,6.17,AU,Sun May  2 22:30:50 2021
277,Piaçabuçu,-10.4056,-36.4344,297.76,74,96,3.75,BR,Sun May  2 22:30:50 2021
278,Wilmington,34.2257,-77.9447,294.26,73,1,4.12,US,Sun May  2 22:26:50 2021
279,Bay City,43.5945,-83.8889,286.15,94,90,2.06,US,Sun May  2 22:26:20 2021
280,Ulladulla,-35.35,150.4667,297.15,46,20,3.09,AU,Sun May  2 22:30:51 2021
281,Spirit River,55.7833,-118.8361,283.15,37,33,4.63,CA,Sun May  2 22:30:51 2021
282,Novy Urengoy,66.0833,76.6333,269.81,87,50,3.95,RU,Sun May  2 22:30:51 2021
283,Naviraí,-23.065,-54.1906,293.65,60,3,2.45,BR,Sun May  2 22:30:52 2021
284,Kalmunai,7.4167,81.8167,302.13,71,99,1.48,LK,Sun May  2 22:30:52 2021
285,Raudeberg,61.9875,5.1352,277.59,77,100,4.7,NO,Sun May  2 22:30:52 2021
286,Bogale,16.2833,95.4,303.97,58,0,2.83,MM,Sun May  2 22:28:19 2021
287,Wajir,1.7471,40.0573,298.02,79,80,3.51,KE,Sun May  2 22:30:53 2021
288,Rome,43.2128,-75.4557,282.59,93,90,0.51,US,Sun May  2 22:30:53 2021
289,Acaraú,-2.8856,-40.12,298.48,80,100,1.01,BR,Sun May  2 22:30:54 2021
290,Paamiut,61.994,-49.6678,277.24,55,88,5.47,GL,Sun May  2 22:30:54 2021
291,Ola,59.5833,151.2833,276.71,59,21,2.98,RU,Sun May  2 22:30:55 2021
292,San Policarpo,12.1791,125.5072,301.16,84,49,5.7,PH,Sun May  2 22:30:55 2021
293,Bengkulu,-3.8004,102.2655,303.74,56,80,1.11,ID,Sun May  2 22:30:55 2021
294,Tolaga Bay,-38.3667,178.3,288.72,64,92,3.57,NZ,Sun May  2 22:30:56 2021
295,Vostok,46.4856,135.8833,279.12,52,100,5.29,RU,Sun May  2 22:30:56 2021
296,Fomboni,-12.28,43.7425,300.94,76,59,9.09,KM,Sun May  2 22:30:56 2021
297,Nanortalik,60.1432,-45.2371,276.7,56,100,10.61,GL,Sun May  2 22:30:57 2021
298,Korla,41.7597,86.1469,286.02,20,100,1.61,CN,Sun May  2 22:30:57 2021
299,São Félix do Xingu,-6.6447,-51.995,294.51,98,41,0.82,BR,Sun May  2 22:30:58 2021
300,Bainbridge Island,47.6262,-122.5212,289.26,39,40,2.57,US,Sun May  2 22:30:58 2021
301,San Patricio,28.017,-97.5169,297.59,94,20,6.17,US,Sun May  2 22:30:58 2021
302,Bell Ville,-32.6259,-62.6887,293.15,91,98,3.58,AR,Sun May  2 22:30:59 2021
303,Salisbury,51.0693,-1.7957,277.15,87,20,2.57,GB,Sun May  2 22:28:01 2021
304,Pipraich,26.8264,83.53,304.81,35,100,4.44,IN,Sun May  2 22:30:59 2021
305,Maceió,-9.6658,-35.7353,295.15,100,75,1.54,BR,Sun May  2 22:31:00 2021
306,Arraial do Cabo,-22.9661,-42.0278,295.88,72,100,3.54,BR,Sun May  2 22:28:08 2021
307,Hofn,64.2539,-15.2082,273.97,60,2,6.32,IS,Sun May  2 22:31:00 2021
308,Srednekolymsk,67.45,153.6833,273.77,93,5,2.3,RU,Sun May  2 22:31:01 2021
309,Fare,-16.7,-151.0167,300.6,73,94,4.2,PF,Sun May  2 22:31:01 2021
310,Ürümqi,43.801,87.6005,285.15,50,0,2.0,CN,Sun May  2 22:31:01 2021
311,Charters Towers,-20.1,146.2667,300.43,45,2,4.53,AU,Sun May  2 22:31:02 2021
312,Oddur,4.1213,43.8894,296.3,81,97,2.09,SO,Sun May  2 22:31:02 2021
313,Kirya,-3.9167,37.4833,293.93,92,94,4.19,TZ,Sun May  2 22:31:02 2021
314,Havre-St-Pierre,50.2334,-63.5986,274.15,80,90,5.66,CA,Sun May  2 22:31:03 2021
315,Caxito,-8.5785,13.6643,297.15,100,75,1.03,AO,Sun May  2 22:31:03 2021
316,Sinnamary,5.3833,-52.95,298.47,86,100,4.35,GF,Sun May  2 22:31:04 2021
317,Oktyabr'skoye,43.0645,44.7417,281.15,93,2,2.0,RU,Sun May  2 22:31:04 2021
318,Popondetta,-8.7537,148.2534,305.6,52,33,2.81,PG,Sun May  2 22:31:04 2021
319,Sioux Lookout,50.1001,-91.917,284.15,58,90,1.54,CA,Sun May  2 22:31:05 2021
320,Santa Teresa del Tuy,10.2341,-66.6631,298.15,69,75,2.06,VE,Sun May  2 22:31:05 2021
321,Guanaja,16.4,-85.9,301.15,89,0,11.32,HN,Sun May  2 22:31:05 2021
322,Coquimbo,-29.9533,-71.3436,286.15,88,0,1.17,CL,Sun May  2 22:31:06 2021
323,Bereda,43.2686,-7.5406,274.82,100,26,0.45,ES,Sun May  2 22:31:06 2021
324,Kahului,20.8947,-156.47,300.15,61,40,9.26,US,Sun May  2 22:30:56 2021
325,Beïnamar,8.6698,15.3813,299.7,56,92,2.7,TD,Sun May  2 22:31:06 2021
326,Constitución,-35.3333,-72.4167,285.46,95,100,2.9,CL,Sun May  2 22:31:07 2021
327,Ondjiva,-17.0667,15.7333,291.22,59,93,2.04,AO,Sun May  2 22:31:07 2021
328,Bǝrdǝ,40.3744,47.1267,288.7,85,28,0.88,AZ,Sun May  2 22:31:08 2021
329,Zhigansk,66.7697,123.3711,274.54,99,100,2.96,RU,Sun May  2 22:31:08 2021
330,Pangkalanbuun,-2.6833,111.6167,306.15,51,34,1.86,ID,Sun May  2 22:31:08 2021
331,Ghanzi,-21.5667,21.7833,284.49,76,0,4.07,BW,Sun May  2 22:31:09 2021
332,Tiarei,-17.5333,-149.3333,303.15,62,20,2.57,PF,Sun May  2 22:31:09 2021
333,Huarmey,-10.0681,-78.1522,292.85,85,27,2.98,PE,Sun May  2 22:31:10 2021
334,Esperance,-33.8667,121.9,290.15,72,75,4.63,AU,Sun May  2 22:31:10 2021
335,Maniitsoq,65.4167,-52.9,275.39,59,0,4.48,GL,Sun May  2 22:31:10 2021
336,Menongue,-14.6585,17.691,289.49,95,99,1.44,AO,Sun May  2 22:31:11 2021
337,Caruray,10.3094,119.0128,304.15,74,40,5.14,PH,Sun May  2 22:31:11 2021
338,Senador José Porfírio,-2.5908,-51.9542,296.01,94,35,0.85,BR,Sun May  2 22:31:11 2021
339,Farīdpur,23.6,89.8333,300.15,74,75,3.6,BD,Sun May  2 22:31:12 2021
340,Druzhba,52.0428,33.9453,284.98,93,56,5.96,UA,Sun May  2 22:26:29 2021
341,Ancud,-41.8697,-73.8203,282.04,93,40,3.09,CL,Sun May  2 22:31:12 2021
342,Ruscova,47.7883,24.2808,280.37,93,79,1.03,RO,Sun May  2 22:31:12 2021
343,Hondomachi-hondo,32.45,130.2,291.15,52,20,2.57,JP,Sun May  2 22:31:13 2021
344,Kem',64.9555,34.5793,273.3,69,85,1.1,RU,Sun May  2 22:31:13 2021
345,Biak,-0.9131,122.8766,301.79,67,34,2.77,ID,Sun May  2 22:31:15 2021
346,Kysyl-Syr,63.8986,122.7617,274.72,99,100,0.93,RU,Sun May  2 22:31:16 2021
347,Boyolangu,-8.1181,111.8935,303.2,63,20,1.04,ID,Sun May  2 22:31:16 2021
348,Chapais,49.7834,-74.8492,271.15,59,90,5.14,CA,Sun May  2 22:31:16 2021
349,Usinsk,65.9939,57.5281,272.41,86,100,12.0,RU,Sun May  2 22:31:17 2021
350,Hirara,24.8,125.2833,298.15,65,75,6.69,JP,Sun May  2 22:31:17 2021
351,Volga,57.9516,38.3879,278.23,84,100,5.65,RU,Sun May  2 22:31:17 2021
352,Ostrovnoy,68.0531,39.5131,268.09,82,16,5.49,RU,Sun May  2 22:31:18 2021
353,Ekhabi,53.5102,142.9671,273.66,88,100,8.95,RU,Sun May  2 22:31:18 2021
354,Shangrao,28.4532,117.9686,301.7,44,79,2.49,CN,Sun May  2 22:31:19 2021
355,Roskoshnoye,48.5074,39.3004,288.84,80,86,4.27,UA,Sun May  2 22:31:20 2021
356,Bhawana,31.5692,72.649,305.78,24,6,0.74,PK,Sun May  2 22:31:20 2021
357,Verāval,20.9,70.3667,302.82,51,40,3.87,IN,Sun May  2 22:31:20 2021
358,Katsuura,35.1333,140.3,293.15,78,21,7.15,JP,Sun May  2 22:31:21 2021
359,Phan Thiet,10.9333,108.1,305.27,52,11,6.37,VN,Sun May  2 22:31:21 2021
360,Chimbote,-9.0853,-78.5783,292.01,88,18,2.31,PE,Sun May  2 22:31:21 2021
361,Mehamn,71.0357,27.8492,268.8,77,36,1.95,NO,Sun May  2 22:31:22 2021
362,Palmer,42.1584,-72.3287,286.15,76,75,3.6,US,Sun May  2 22:27:06 2021
363,Usakos,-22.0,15.6,292.8,40,65,4.25,NA,Sun May  2 22:31:22 2021
364,Koumac,-20.5667,164.2833,299.59,69,61,3.51,NC,Sun May  2 22:31:23 2021
365,Kerchevskiy,59.946,56.2884,276.39,75,68,2.36,RU,Sun May  2 22:31:23 2021
366,Bairiki Village,1.3292,172.9752,304.15,74,75,3.6,KI,Sun May  2 22:31:23 2021
367,Fort Nelson,58.8053,-122.7002,286.15,33,75,3.6,CA,Sun May  2 22:31:24 2021
368,Skjervøy,70.0311,20.9714,272.06,63,52,3.63,NO,Sun May  2 22:31:24 2021
369,Kalengwa,-13.4659,25.0027,289.72,91,100,3.06,ZM,Sun May  2 22:31:24 2021
370,Kalabo,-14.97,22.6814,290.82,90,100,2.67,ZM,Sun May  2 22:31:25 2021
371,Vanimo,-2.6741,141.3028,301.64,78,76,2.4,PG,Sun May  2 22:31:25 2021
372,Manta,-0.95,-80.7333,298.15,83,75,5.66,EC,Sun May  2 22:31:25 2021
373,Tagusao,9.1924,117.8141,303.65,64,67,2.46,PH,Sun May  2 22:31:26 2021
374,Beringovskiy,63.05,179.3167,268.07,84,100,7.55,RU,Sun May  2 22:31:26 2021
375,Asău,46.4333,26.4,286.48,58,100,3.72,RO,Sun May  2 22:31:26 2021
376,Valsād,20.6333,72.9333,302.15,79,99,1.54,IN,Sun May  2 22:31:27 2021
377,Ifanadiana,-21.3,47.6333,290.62,97,79,1.22,MG,Sun May  2 22:31:27 2021
378,Pochutla,15.7432,-96.4661,299.82,79,46,2.24,MX,Sun May  2 22:31:27 2021
379,Longyan,25.1072,117.0225,291.92,94,100,0.9,CN,Sun May  2 22:31:28 2021
380,Nome,64.5011,-165.4064,277.15,60,90,5.14,US,Sun May  2 22:31:28 2021
381,Te Anau,-45.4167,167.7167,287.16,62,16,2.61,NZ,Sun May  2 22:31:28 2021
382,Upata,8.0086,-62.3989,298.71,88,96,1.79,VE,Sun May  2 22:31:29 2021
383,Santa Cruz de la Sierra,-17.8,-63.1667,296.15,78,4,4.12,BO,Sun May  2 22:27:48 2021
384,Acapulco de Juárez,16.8634,-99.8901,299.41,63,2,3.27,MX,Sun May  2 22:31:29 2021
385,Warmbad,-28.45,18.7333,290.1,28,17,6.76,NA,Sun May  2 22:31:30 2021
386,Leningradskiy,69.3833,178.4167,268.12,81,84,3.32,RU,Sun May  2 22:31:30 2021
387,La Maná,-0.9333,-79.2167,282.15,81,75,1.54,EC,Sun May  2 22:31:30 2021
388,Monte Carmelo,-18.7247,-47.4986,287.62,75,0,2.7,BR,Sun May  2 22:31:31 2021
389,Changji,44.0167,87.3167,285.15,50,0,2.0,CN,Sun May  2 22:31:31 2021
390,Fortuna,40.5982,-124.1573,286.48,82,90,6.69,US,Sun May  2 22:31:31 2021
391,Nāgar Karnūl,16.4821,78.3247,303.26,44,1,3.45,IN,Sun May  2 22:31:32 2021
392,Khon Buri,14.5254,102.2459,302.59,92,36,0.75,TH,Sun May  2 22:31:32 2021
393,Pundaguitan,6.3711,126.1689,300.67,76,95,7.38,PH,Sun May  2 22:31:32 2021
394,Somerset,40.5668,-74.5496,295.15,46,1,2.13,US,Sun May  2 22:31:33 2021
395,Panalingaan,8.7842,117.4231,304.06,61,75,1.73,PH,Sun May  2 22:31:33 2021
396,Lodja,-3.4833,23.4333,293.71,99,100,0.16,CD,Sun May  2 22:31:34 2021
397,Birin,26.8865,88.0718,294.66,51,68,1.97,NP,Sun May  2 22:31:34 2021
398,Fayaoué,-20.65,166.5333,298.04,78,16,9.46,NC,Sun May  2 22:31:34 2021
399,Bulalacao,12.3254,121.3435,303.05,67,13,9.92,PH,Sun May  2 22:31:35 2021
400,Kirakira,-10.4544,161.9205,301.21,78,97,1.23,SB,Sun May  2 22:31:35 2021
401,Sibiti,-3.6819,13.3499,293.92,96,97,0.45,CG,Sun May  2 22:31:36 2021
402,Tilichiki,60.4667,166.1,268.71,70,3,3.2,RU,Sun May  2 22:31:36 2021
403,Frontera,26.9333,-101.45,304.22,13,3,3.37,MX,Sun May  2 22:31:36 2021
404,Smithers,54.7804,-127.1743,286.15,35,75,2.57,CA,Sun May  2 22:30:10 2021
405,Ballina,-28.8667,153.5667,295.37,83,75,3.09,AU,Sun May  2 22:31:37 2021
406,Banda Aceh,5.5577,95.3222,302.93,67,99,1.13,ID,Sun May  2 22:31:37 2021
407,Nabire,-3.3667,135.4833,301.19,82,59,2.07,ID,Sun May  2 22:31:37 2021
408,Sulangan,11.1373,123.7228,301.79,73,23,5.37,PH,Sun May  2 22:31:38 2021
409,Wanning,18.8003,110.3967,302.45,63,94,5.17,CN,Sun May  2 22:31:38 2021
410,Port Keats,-14.25,129.55,305.74,33,0,4.63,AU,Sun May  2 22:31:38 2021
411,Kabo,7.6994,18.629,296.41,80,100,1.96,CF,Sun May  2 22:31:39 2021
412,Grand Gaube,-20.0064,57.6608,297.04,91,2,1.34,MU,Sun May  2 22:31:39 2021
413,Necochea,-38.5473,-58.7368,287.04,90,100,1.34,AR,Sun May  2 22:31:39 2021
414,Gachsaran,30.3586,50.7981,294.15,52,75,1.78,IR,Sun May  2 22:31:40 2021
415,Sept-Îles,50.2001,-66.3821,275.93,87,40,6.17,CA,Sun May  2 22:31:40 2021
416,Dargaville,-35.9333,173.8833,290.52,54,6,2.55,NZ,Sun May  2 22:31:41 2021
417,Ranau,5.9538,116.6641,304.15,74,20,1.54,MY,Sun May  2 22:28:16 2021
418,Atkarsk,51.8718,45.0078,284.26,80,58,3.6,RU,Sun May  2 22:26:54 2021
419,Chenghai,23.4632,116.768,295.15,88,75,3.0,CN,Sun May  2 22:31:41 2021
420,Northam,51.0333,-4.2167,279.82,88,100,1.79,GB,Sun May  2 22:31:42 2021
421,Fairbanks,64.8378,-147.7164,285.93,26,98,0.89,US,Sun May  2 22:31:06 2021
422,Sur,22.5667,59.5289,303.49,45,70,5.69,OM,Sun May  2 22:31:42 2021
423,Chanika,-5.4167,38.0167,292.39,98,88,1.54,TZ,Sun May  2 22:31:42 2021
424,Malm,64.0721,11.2172,275.37,80,75,3.6,NO,Sun May  2 22:31:43 2021
425,Birjand,32.8663,59.2211,287.15,100,90,1.2,IR,Sun May  2 22:31:43 2021
426,Guararapes,-21.2608,-50.6428,291.27,59,0,4.05,BR,Sun May  2 22:31:44 2021
427,Chlórakas,34.8042,32.4083,294.26,64,65,2.57,CY,Sun May  2 22:31:44 2021
428,Mount Darwin,-16.7725,31.5838,287.67,77,80,1.55,ZW,Sun May  2 22:31:44 2021
429,Dobrovice,50.3693,14.9623,275.93,80,14,4.47,CZ,Sun May  2 22:31:45 2021
430,Zhuhai,22.2769,113.5678,298.15,88,40,7.2,CN,Sun May  2 22:31:45 2021
431,Arteaga,18.4667,-102.4167,290.63,54,0,1.28,MX,Sun May  2 22:31:45 2021
432,Mosquera,4.7059,-74.2302,285.15,100,75,1.03,CO,Sun May  2 22:31:46 2021
433,Ust-Maya,60.4167,134.5333,283.64,58,68,2.93,RU,Sun May  2 22:31:46 2021
434,Doctor Phillips,28.4495,-81.4923,302.15,54,75,2.06,US,Sun May  2 22:31:46 2021
435,Ojinaga,29.5667,-104.4167,303.15,14,1,2.57,MX,Sun May  2 22:31:47 2021
436,Auki,-8.7676,160.7034,302.1,70,100,2.13,SB,Sun May  2 22:31:47 2021
437,Gambēla,8.25,34.5833,295.48,82,100,0.44,ET,Sun May  2 22:31:47 2021
438,San Andrés,12.5847,-81.7006,301.15,74,40,3.09,CO,Sun May  2 22:31:48 2021
439,Marakkanam,12.2,79.95,303.48,65,11,3.09,IN,Sun May  2 22:31:48 2021
440,Körfez,40.7767,29.7297,294.15,94,0,1.16,TR,Sun May  2 22:31:48 2021
441,Mizdah,31.4451,12.9801,291.94,54,100,2.8,LY,Sun May  2 22:31:49 2021
442,Mahibadhoo,3.7833,72.9667,301.93,70,100,3.07,MV,Sun May  2 22:31:49 2021
443,Valdemārpils,57.3707,22.5919,278.15,65,0,7.72,LV,Sun May  2 22:31:49 2021
444,Langfang,39.5097,116.6947,295.93,39,0,3.0,CN,Sun May  2 22:31:50 2021
445,Nuristan,35.3,70.8333,279.26,68,77,0.6,AF,Sun May  2 22:31:50 2021
446,Puerto Baquerizo Moreno,-0.9,-89.6,297.32,79,52,4.76,EC,Sun May  2 22:31:51 2021
447,Vanavara,60.34,102.2797,275.57,88,100,3.55,RU,Sun May  2 22:31:51 2021
448,Bambanglipuro,-7.95,110.2833,303.7,61,14,2.57,ID,Sun May  2 22:31:51 2021
449,Lagos,6.5833,3.75,301.15,89,20,1.54,NG,Sun May  2 22:29:01 2021
450,Vallenar,-28.5708,-70.7581,288.11,64,17,1.12,CL,Sun May  2 22:31:52 2021
451,Gerede,40.8008,32.1969,285.38,58,96,2.29,TR,Sun May  2 22:31:52 2021
452,Dno,57.8277,29.9637,277.9,92,100,7.27,RU,Sun May  2 22:31:52 2021
453,Turukhansk,65.8167,87.9833,275.45,87,100,6.62,RU,Sun May  2 22:31:53 2021
454,Atar,20.5169,-13.0499,299.28,20,0,2.8,MR,Sun May  2 22:31:53 2021
455,Ndendé,-2.4008,11.3581,296.29,97,100,0.13,GA,Sun May  2 22:31:53 2021
456,Prince Rupert,54.3161,-130.3201,283.15,76,75,2.06,CA,Sun May  2 22:30:09 2021
457,Dudinka,69.4058,86.1778,273.59,92,100,5.07,RU,Sun May  2 22:31:54 2021
458,Jūrmala,56.968,23.7704,277.15,75,90,6.17,LV,Sun May  2 22:31:54 2021
459,Ponta Delgada,37.7333,-25.6667,288.15,88,40,4.12,PT,Sun May  2 22:31:55 2021
460,Pontal do Paraná,-25.6533,-48.5128,286.15,100,0,1.54,BR,Sun May  2 22:31:55 2021
461,Ilām,26.9167,87.9167,297.51,52,72,1.89,NP,Sun May  2 22:31:55 2021
462,Gayny,60.3071,54.3241,276.0,57,2,2.35,RU,Sun May  2 22:31:56 2021
463,Deputatsky,69.3,139.9,271.95,99,100,1.41,RU,Sun May  2 22:31:56 2021
464,Sīwah,29.2041,25.5195,300.41,15,100,2.55,EG,Sun May  2 22:31:56 2021
465,América Dourada,-11.4553,-41.4361,291.69,89,76,3.29,BR,Sun May  2 22:31:57 2021
466,Nizhniy Tsasuchey,50.5167,115.1333,281.74,62,100,4.04,RU,Sun May  2 22:31:57 2021
467,Nchelenge,-9.3451,28.734,291.75,92,48,3.34,ZM,Sun May  2 22:31:58 2021
468,Ati,13.2154,18.3353,301.47,12,80,4.77,TD,Sun May  2 22:31:58 2021
469,Hobyo,5.3505,48.5268,301.35,75,100,4.73,SO,Sun May  2 22:31:58 2021
470,Mirny,62.5353,113.9611,278.33,78,90,1.19,RU,Sun May  2 22:31:59 2021
471,Samarai,-10.6167,150.6667,300.48,79,32,3.7,PG,Sun May  2 22:31:59 2021
472,Karlstad,59.3793,13.5036,273.15,93,40,2.57,SE,Sun May  2 22:31:59 2021
473,Lapeer,43.0514,-83.3188,295.37,46,75,3.09,US,Sun May  2 22:32:00 2021
474,Avera,33.194,-82.5271,296.15,83,1,3.6,US,Sun May  2 22:32:00 2021
475,Miyang,24.4042,103.4428,298.48,47,1,5.84,CN,Sun May  2 22:32:00 2021
476,Colares,38.7992,-9.4469,286.48,73,2,7.15,PT,Sun May  2 22:32:01 2021
477,Cap Malheureux,-19.9842,57.6142,297.04,91,2,1.34,MU,Sun May  2 22:31:07 2021
478,Buta,2.7858,24.73,293.0,98,99,0.99,CD,Sun May  2 22:32:01 2021
479,Tiassalé,5.8983,-4.8283,297.46,97,100,1.76,CI,Sun May  2 22:32:02 2021
480,Beyneu,45.3167,55.2,291.57,20,65,3.32,KZ,Sun May  2 22:32:02 2021
481,Khanpur,28.6453,70.6567,305.43,23,40,1.81,PK,Sun May  2 22:31:20 2021
482,Thinadhoo,0.5333,72.9333,301.85,71,82,4.28,MV,Sun May  2 22:32:03 2021
483,Williamsport,41.2412,-77.0011,295.15,49,1,3.09,US,Sun May  2 22:32:03 2021
484,Huai Yot,7.7893,99.6348,304.82,70,20,1.03,TH,Sun May  2 22:32:04 2021
485,Saint-Honoré,48.5334,-71.0824,277.04,48,90,8.75,CA,Sun May  2 22:32:04 2021
486,Surabaya,-7.2492,112.7508,304.15,70,40,6.17,ID,Sun May  2 22:32:04 2021
487,Cosalá,24.4125,-106.6908,294.82,88,6,0.56,MX,Sun May  2 22:32:05 2021
488,Mlalo,-4.9333,38.9333,295.68,88,56,2.92,TZ,Sun May  2 22:32:05 2021
489,Sucúa,-2.4667,-78.1667,292.31,97,72,1.38,EC,Sun May  2 22:32:05 2021
490,Daru,-9.0763,143.2092,300.92,78,48,6.02,PG,Sun May  2 22:32:06 2021
491,Mindelo,16.8901,-24.9804,295.15,68,40,7.2,CV,Sun May  2 22:32:06 2021
492,Gijang,35.2442,129.2139,294.15,24,0,6.17,KR,Sun May  2 22:32:06 2021
493,Shambu,9.5667,37.1,284.15,87,87,0.3,ET,Sun May  2 22:32:07 2021
494,Jacareacanga,-6.2222,-57.7528,295.4,98,64,0.36,BR,Sun May  2 22:32:07 2021
495,Verkhniy Baskunchak,48.2256,46.7217,289.95,69,9,3.09,RU,Sun May  2 22:32:07 2021
496,Ciudad Bolivar,8.1222,-63.5497,300.06,70,100,5.17,VE,Sun May  2 22:32:08 2021
497,River Falls,44.8614,-92.6238,291.15,63,90,2.57,US,Sun May  2 22:32:08 2021
498,Kushima,31.4583,131.2333,292.15,39,0,4.12,JP,Sun May  2 22:32:09 2021
499,Sørland,67.667,12.6934,275.67,57,4,6.47,NO,Sun May  2 22:32:09 2021
500,Chicama,-7.8447,-79.1469,291.15,88,7,3.6,PE,Sun May  2 22:32:10 2021
501,Amboasary,-25.0333,46.3833,293.15,94,40,2.06,MG,Sun May  2 22:32:10 2021
502,Matara,5.9485,80.5353,300.9,78,95,1.64,LK,Sun May  2 22:31:40 2021
503,Faya,18.3851,42.4509,288.15,82,0,2.06,SA,Sun May  2 22:32:10 2021
504,Laviana,43.2333,-5.5333,279.82,85,14,1.85,ES,Sun May  2 22:32:11 2021
505,Delmas 73,18.5447,-72.3028,300.15,65,70,5.14,HT,Sun May  2 22:32:11 2021
506,Hailar,49.2,119.7,291.12,24,71,9.72,CN,Sun May  2 22:32:12 2021
507,Marawi,7.9986,124.2928,302.04,76,100,2.68,PH,Sun May  2 22:32:12 2021
508,Kramat,-8.1311,113.4499,304.23,56,9,1.27,ID,Sun May  2 22:32:12 2021
509,Fukuechō,32.6881,128.8419,290.15,55,40,2.57,JP,Sun May  2 22:32:13 2021
510,Jardim,-21.4803,-56.1381,295.24,67,25,1.87,BR,Sun May  2 22:32:13 2021
511,Chingirlau,51.095,54.0814,287.76,83,9,2.67,KZ,Sun May  2 22:32:13 2021
512,South Kazakhstan Region,43.0,68.0,291.9,26,92,5.55,KZ,Sun May  2 22:29:14 2021
513,Morant Bay,17.8815,-76.4093,300.15,74,20,8.75,JM,Sun May  2 22:32:15 2021
514,Oranjemund,-28.55,16.4333,293.36,47,94,2.29,NA,Sun May  2 22:32:15 2021
515,Río Cuarto,-33.1307,-64.3499,290.15,67,40,2.06,AR,Sun May  2 22:30:18 2021
516,Fatezh,52.0891,35.8632,287.15,88,0,7.0,RU,Sun May  2 22:32:16 2021
517,Brae,60.3964,-1.353,276.15,87,40,0.51,GB,Sun May  2 22:32:16 2021
518,Nyrob,60.733,56.7202,275.74,54,4,2.48,RU,Sun May  2 22:32:16 2021
519,Pangody,65.85,74.4859,271.3,84,5,4.17,RU,Sun May  2 22:32:17 2021
520,Aden,12.7794,45.0367,300.53,74,100,3.93,YE,Sun May  2 22:30:15 2021
521,Belaya Gora,68.5333,146.4167,272.85,99,100,1.98,RU,Sun May  2 22:32:17 2021
522,Chabahar,25.2919,60.643,300.4,78,100,5.0,IR,Sun May  2 22:32:18 2021
523,Alofi,-19.0595,-169.9187,298.15,88,80,4.12,NU,Sun May  2 22:32:18 2021
524,Ruteng,-8.6136,120.4721,297.02,57,10,0.75,ID,Sun May  2 22:32:19 2021
525,Renfrew,55.872,-4.3925,277.04,87,100,1.03,GB,Sun May  2 22:27:44 2021
526,Hibbing,47.4272,-92.9377,285.15,54,1,2.57,US,Sun May  2 22:32:19 2021
527,Roebourne,-20.7833,117.1333,303.65,35,100,6.53,AU,Sun May  2 22:32:19 2021
528,Kamenka,51.3223,42.7678,286.48,84,100,5.47,RU,Sun May  2 22:32:20 2021
529,Palana,59.1167,159.9667,272.62,66,0,5.7,RU,Sun May  2 22:32:20 2021
530,Nelson Bay,-32.7167,152.15,298.15,64,20,2.57,AU,Sun May  2 22:32:20 2021
531,Amarante do Maranhão,-5.5667,-46.7422,295.6,87,99,1.38,BR,Sun May  2 22:32:21 2021
532,Mogocha,53.7333,119.7667,276.03,98,100,3.09,RU,Sun May  2 22:32:21 2021
533,Wattegama,6.7989,81.4808,300.15,100,20,1.54,LK,Sun May  2 22:32:21 2021
534,Husavik,66.0449,-17.3389,273.15,86,90,1.54,IS,Sun May  2 22:32:22 2021
535,Kamyshevatskaya,46.4132,37.9563,288.19,87,100,4.58,RU,Sun May  2 22:32:22 2021
536,Tambopata,-12.7333,-69.1833,295.41,79,10,0.8,PE,Sun May  2 22:32:22 2021
537,Santa Cruz del Sur,20.7147,-77.9956,299.21,72,9,0.05,CU,Sun May  2 22:32:23 2021
538,Kiryat Gat,31.61,34.7642,292.15,48,0,2.06,IL,Sun May  2 22:29:01 2021
539,Vestmannaeyjar,63.4427,-20.2734,275.32,70,39,2.77,IS,Sun May  2 22:32:23 2021
540,Ganzhou,28.8184,115.4327,297.8,73,99,3.31,CN,Sun May  2 22:32:24 2021
541,Chalchihuites,23.4833,-103.8833,285.79,23,17,3.96,MX,Sun May  2 22:32:24 2021
542,Camacha,33.0833,-16.3333,288.15,77,40,1.03,PT,Sun May  2 22:32:24 2021
543,Galle,6.0367,80.217,300.64,77,90,1.59,LK,Sun May  2 22:31:39 2021
544,Jaunjelgava,56.6167,25.0833,276.48,85,100,2.68,LV,Sun May  2 22:32:25 2021
545,Afşin,38.2477,36.914,287.92,61,11,1.16,TR,Sun May  2 22:32:25 2021
546,San Cristobal,7.7669,-72.225,296.15,100,75,2.06,VE,Sun May  2 22:32:25 2021
547,Koumra,8.9126,17.5539,299.26,63,100,2.01,TD,Sun May  2 22:32:26 2021
548,Mahon,39.8885,4.2658,286.15,82,0,2.57,ES,Sun May  2 22:32:26 2021
549,Tabas,33.5959,56.9244,292.87,69,100,2.93,IR,Sun May  2 22:32:26 2021
550,Tongren,27.7172,109.1853,297.99,86,99,2.31,CN,Sun May  2 22:32:27 2021
551,Laurel,39.0993,-76.8483,297.04,52,1,3.48,US,Sun May  2 22:30:07 2021
552,Yulara,-25.2406,130.9889,301.15,21,89,4.63,AU,Sun May  2 22:32:27 2021
553,Antalaha,-14.9003,50.2788,295.98,91,8,1.92,MG,Sun May  2 22:32:28 2021
554,Oruzgan,32.8333,66.0,291.27,53,100,1.68,AF,Sun May  2 22:32:28 2021
555,Empalme,27.9667,-110.8167,299.15,65,20,5.14,MX,Sun May  2 22:32:30 2021
556,Saint-François,46.4154,3.9054,274.26,100,4,0.51,FR,Sun May  2 22:32:30 2021
557,Kathu,7.9178,98.3332,303.15,74,20,6.17,TH,Sun May  2 22:32:31 2021
558,Amahai,-3.3333,128.9167,302.85,67,66,2.57,ID,Sun May  2 22:32:31 2021
559,Sokoni,-6.4333,39.55,299.15,94,75,5.14,TZ,Sun May  2 22:32:31 2021
